{"cameraMode":{"drawMode":0,"name":"Shaded","section":"Shading Mode"},"sceneLighting":false,"audioPlay":false,"sceneViewState":{"showFog":true,"showMaterialUpdate":false,"showSkybox":false,"showFlares":true,"showImageEffects":true,"showParticleSystems":true},"in2DMode":false,"pivot":{"x":1.1054191589355469,"y":-1.56640625,"z":-0.9096491932868958},"rotation":{"x":0.5053728818893433,"y":-0.49456799030303957,"z":0.49399107694625857,"w":0.5059701204299927},"size":10.600902557373047,"orthographic":true}