{"cameraMode":{"drawMode":0,"name":"Shaded","section":"Shading Mode"},"sceneLighting":false,"audioPlay":false,"sceneViewState":{"showFog":true,"showMaterialUpdate":false,"showSkybox":false,"showFlares":true,"showImageEffects":true,"showParticleSystems":true},"in2DMode":false,"pivot":{"x":1.9020936489105225,"y":-3.110311508178711,"z":5.159940719604492},"rotation":{"x":-0.16499276459217072,"y":-0.8200746774673462,"z":0.46391066908836367,"w":-0.29167068004608157},"size":16.74431610107422,"orthographic":false}