{"cameraMode":{"drawMode":0,"name":"Shaded","section":"Shading Mode"},"sceneLighting":false,"audioPlay":false,"sceneViewState":{"showFog":true,"showMaterialUpdate":false,"showSkybox":false,"showFlares":true,"showImageEffects":true,"showParticleSystems":true},"in2DMode":false,"pivot":{"x":-6.240779399871826,"y":-10.995247840881348,"z":-1.483269453048706},"rotation":{"x":0.3737001121044159,"y":-0.6052773594856262,"z":0.3843954801559448,"w":0.5884352326393127},"size":27.693572998046876,"orthographic":false}